{
    "K": [
        3418.021978021978,
        0.0,
        2592.0,
        0.0,
        3418.021978021978,
        1944.0,
        0.0,
        0.0,
        1.0
    ],
    "ccd_height_mm": 3.4125,
    "ccd_width_mm": 4.55,
    "dist_coeffs": [
        0.0,
        0.0,
        0.0,
        0.0,
        0.0
    ],
    "focal_len_mm": 3.0,
    "height_px": 3888,
    "lens_model": "None",
    "make": "GoPro",
    "model": "HERO9 Black",
    "width_px": 5184
}